<?xml version="1.0" encoding="UTF-8"?>
<translations>
    <token id="button_repeat">Volver a escanear DNI</token>
    <token id="button_finish">Continuar</token>
    <token id="button_skip">OMITIR</token>
    <token id="button_ready">LISTO</token>
    <token id="CaptureInfoFront">Enfoca tu DNI&#10;dentro del rectángulo</token>
    <token id="CaptureTipFront">Enfoca la parte&#10;delantera de tu&#10;DNI</token>
    <token id="CaptureInfoBack">Enfoca tu DNI&#10;dentro del rectángulo</token>
    <token id="CaptureTipBack">Enfoca la parte&#10;posterior de tu&#10;DNI</token>
    <token id="CaptureSuccessFront">¡Bien tu DNI ha&#10;sido escaneado!</token>
    <token id="CaptureSuccessBack">¡Bien tu DNI ha&#10;sido escaneado!</token>
    <token id="CaptureError">Escaneando&#10;documento...</token>
    <token id="CaptureErrorLight">No hay&#10;suficiente luz</token>
    <token id="Tutorial1">Busca un fondo con&#10;buen contraste para la&#10;captura del documento</token>
    <token id="Tutorial2">Controla que se vean bien&#10;las letras e imagen&#10;del documento</token>
    <token id="Tutorial3">Evita contraluces sobre el&#10;documento para poder captar&#10;mejor la información</token>
</translations>
