<?xml version="1.0" encoding="UTF-8"?>
<translations>
    <token id="button_skip">OMITIR</token>
    <token id="button_ready">LISTO</token>
    <token id="button_start">COMENZAR</token>
    <token id="button_repeat">REPETIR</token>
    <token id="button_finish">FINALIZAR</token>
    <token id="button_next">SIGUIENTE</token>
    <token id="button_back">VOLVER</token>
    <token id="registration_tips_title">Consejos de registro</token>
    <token id="registration_tips_detail">Evite luces directas hacia&#10;la cámara y lugares oscuros</token>
    <token id="face_movement_tips_title">Mueve tu cara</token>
    <token id="face_movement_tips_detail">Para un registro óptimo, imita los&#10;movimientos mirando al frente</token>
    <token id="start_extractor_title">Coloca tu cara dentro del círculo,&#10;pulsa comenzar e imita al modelo</token>
    <token id="extracting_title">⚠️ Acerca tu rostro a la cámara&#10;y permanece quieto</token>
    <token id="liveness_move_tip">Por favor, sigue la flecha&#10;girando tu cabeza</token>
    <token id="liveness_move_tip_up">Gira tu cabeza hacia arriba</token>
    <token id="liveness_move_tip_down">Gira tu cabeza hacia abajo</token>
    <token id="liveness_move_tip_left">Gira tu cabeza hacia la izquierda</token>
    <token id="liveness_move_tip_right">Gira tu cabeza hacia la derecha</token>
    <token id="liveness_move_stabilizing">⚠️ Acerca tu rostro a la cámara&#10;y permanece quieto</token>
    <token id="liveness_move_stabilizing_none">⚠️ Acerca tu rostro a la cámara&#10;y permanece quieto</token>
    <token id="liveness_move_stabilizing_ok"></token>
    <token id="liveness_move_stabilizing_not_stabilized">⚠️ Acerca tu rostro a la cámara&#10;y permanece quieto</token>
    <token id="liveness_move_stabilizing_not_stabilized_too_far">⚠️ Acerca un poco tu rostro&#10;a la cámara</token>
    <token id="liveness_move_stabilizing_not_stabilized_sun_glasses">⚠️ Acerca tu rostro a la cámara&#10;y permanece quieto</token>
    <token id="liveness_move_stabilizing_not_stabilized_too_close">⚠️ Aleja un poco tu rostro&#10;de la cámara</token>
    <token id="liveness_move_stabilizing_not_stabilized_too_movement">⚠️ Acerca tu rostro a la cámara&#10;y permanece quieto</token>
    <token id="liveness_move_stabilizing_not_stabilized_low_performance">⚠️ Acerca tu rostro a la cámara&#10;y permanece quieto</token>
    <token id="liveness_move_stabilizing_not_stabilized_no_frontal">⚠️ Permanece con la cara&#10;mirando al frente</token>
    <token id="liveness_move_stabilizing_not_stabilized_no_frontal_too_left">⚠️ Gira tu rostro ligeramente&#10;hacia la derecha</token>
    <token id="liveness_move_stabilizing_not_stabilized_no_frontal_too_right">⚠️ Gira tu rostro ligeramente&#10;hacia la izquierda</token>
    <token id="liveness_move_stabilizing_not_stabilized_no_frontal_too_down">⚠️ Gira tu rostro ligeramente&#10;hacia arriba</token>
    <token id="liveness_move_stabilizing_not_stabilized_no_frontal_too_up">⚠️ Gira tu rostro ligeramente&#10;hacia abajo</token>
    <token id="liveness_move_stabilizing_not_stabilized_no_color">⚠️ Busca un lugar&#10; con mejor iluminación</token>
    <token id="liveness_move_stabilizing_not_stabilized_low_quality">⚠️ Busca un lugar&#10; con mejor iluminación</token>
    <token id="liveness_move_stabilizing_not_stabilized_low_face_quality">⚠️ Busca un lugar mejor iluminado&#10;para realizar el proceso</token>
    <token id="liveness_move_stabilizing_not_stabilized_low_pattern_quality">⚠️ Por favor, mantén una&#10;pose neutral con tu cara</token>
    <token id="liveness_move_stabilizing_ok_glasses"></token>
    <token id="results_message_low">Te recomendamos que&#10;repitas el registro</token>
    <token id="results_message_good">El registro es bueno,&#10;pero puedes mejorarlo</token>
    <token id="results_message_excellent">La calidad del registro es&#10;excelente. ¡Enhorabuena!</token>
    <token id="results_quality_message">(Calidad del registro)</token>
    <token id="results_quality_low">Regular</token>
    <token id="results_quality_good">Bueno</token>
    <token id="results_quality_excellent">Excelente</token>
    <token id="error_message_face">⚠️ Ubica tu rostro&#10;en el centro del círculo</token>
    <token id="error_message_start">Colócate dentro del círculo</token>
    <token id="error_message_away">Aleja el dispositivo</token>
    <token id="error_message_closer">Acerca tu cara</token>
    <token id="error_message_liveness">Comprobando foto</token>
    <token id="qr_scan">Coloca el QR dentro&#10;del círculo</token>
    <token id="qr_not_valid">QR no válido</token>
    <token id="message_blink">¡Parpadea!</token>
    <token id="tutorial1_tip">Seguridad</token>
    <token id="tutorial1_tip_detail">Aumenta la seguridad validando&#10;el acceso con un parpadeo</token>
    <token id="tutorial2_tip">Permanece quieto</token>
    <token id="tutorial2_tip_detail">Coloca tu cara dentro del&#10;círculo y permanece quieto&#10;sin mover el dispositivo</token>
    <token id="tutorial3_tip">¡Parpadea!</token>
    <token id="tutorial3_tip_detail">Parpadea justo antes de&#10;que las persianas se&#10;cierren completamente</token>
    <token id="tutorialMove1_tip">Iluminación</token>
    <token id="tutorialMove1_tip_detail">Evite luces directas hacia&#10;la cámara y lugares oscuros</token>
    <token id="tutorialMove2_tip">Permanece quieto</token>
    <token id="tutorialMove2_tip_detail">Coloca tu cara dentro del&#10;círculo y permanece quieto&#10;sin mover el dispositivo</token>
    <token id="tutorialMove3_tip">Movimiento</token>
    <token id="tutorialMove3_tip_detail">Gira la cabeza en la dirección&#10;que se indica con la flecha</token>
</translations>
